text,avg_size,is_bold,x_indentation,page_num,label
Application form for grant of LTC advance,11.669999999999959,True,199.86,1,title
1. Name of the Government Servant,9.744399999999928,True,70.02,1,body_text
2. Designation,9.744399999999928,True,70.02000000000001,1,body_text
3.,9.744399999999928,True,70.02000000000001,1,body_text
Date of entering the Central Government,9.744399999999928,False,95.9985704,1,body_text
Service,9.744399999999928,False,95.9985704,1,body_text
4. PAY + SI + NPA,9.744399999999928,True,70.02000000000001,1,body_text
5. Whether permanent or temporary,9.744399999999928,True,70.02000000000001,1,body_text
6. Home Town as recorded in the Service Book,9.744399999999928,True,70.02000000000001,1,body_text
7.,9.744399999999928,True,70.02000000000001,1,body_text
Whether wife / husband is employed and if,9.744399999999928,False,95.9985704,1,body_text
so whether entitled to LTC,9.744399999999928,False,95.9985704,1,body_text
8.,9.744399999999928,True,70.02000000000001,1,body_text
Whether the concession is to be availed for,9.744399999999928,False,95.9985704,1,body_text
visiting home town and if so block for which,9.744399999999928,False,95.9985704,1,body_text
LTC is to be availed.,9.744400000000041,False,95.9985704,1,body_text
9.,9.744400000000041,True,70.02000000000001,1,body_text
(a) If the concession is to visit anywhere in,9.744400000000041,False,95.9985704,1,body_text
"India, the place to be visited.",9.744400000000041,False,95.9985704,1,body_text
(b) Block for which to be availed.,9.744400000000041,False,95.9985704,1,body_text
10.,9.744400000000041,True,70.02000000000001,1,body_text
Single rail fare/bus fare from the,9.744400000000041,False,95.9985704,1,body_text
headquarters to home town/place of visit by,9.744400000000041,False,95.9985704,1,body_text
shortest route.,9.744400000000041,False,95.9985704,1,body_text
11.,9.744400000000041,True,70.02000000000001,1,body_text
Persons in respect of whom LTC is proposed to be availed.,9.744400000000041,False,95.9985704,1,body_text
S.No Name Age Relationship,9.744400000000041,True,95.9985704,1,body_text
1.,9.744400000000041,True,103.62843559999999,1,body_text
2.,9.744400000000041,True,103.62843559999999,1,body_text
3.,9.744400000000041,True,103.62843559999999,1,body_text
4.,9.744400000000041,True,103.62843559999999,1,body_text
5.,9.744400000000041,True,103.62843559999999,1,body_text
6.,9.744400000000041,True,103.62843559999999,1,body_text
12.,9.744400000000041,True,70.02974439999998,1,body_text
Amount of advance required. Rs.,9.744400000000041,False,96.0083148,1,body_text
I declare that the particulars furnished above are true and correct to the best of my knowledge. I,9.744399999999985,False,105.07060680000004,1,body_text
undertake to produce the tickets for the outward journey within ten days of receipt of the advance.,9.744399999999985,False,70.02974440000003,1,body_text
In the event of cancellation of the journey or if I fail to produce the tickets within ten days of receipt of,9.744399999999985,False,105.08035120000002,1,body_text
"advance, I undertake to refund the entire advance in one lump sum.",9.744399999999985,False,70.03948880000002,1,body_text
Date,9.744399999999985,True,70.03948880000002,1,body_text
Signature of Government Servant.,9.744399999999985,True,403.04461440000006,1,body_text
Overview,24.0,True,252.65,1,body_text
Foundation Level Extensions,24.0,True,139.346,1,body_text
Version 1.0,12.0,False,275.69,1,body_text
International Software Testing Qualifications Board,18.0,False,103.34,1,body_text
Copyright Notice,9.960000000000008,False,70.944,1,body_text
"This document may be copied in its entirety, or extracts made, if the source is acknowledged.",9.95999999999999,False,70.944,1,body_text
International Overview,10.980000000000018,False,447.91,2,body_text
Software Testing,9.960000000000036,False,437.95,2,body_text
Foundation Level Extension – Agile Tester Qualifications Board,9.960000000000022,False,74.424,2,body_text
Copyright © International Software Testing Qualifications Board (hereinafter called ISTQB®).,9.960000000000036,False,70.944,2,body_text
"Version 2014 Page 2 of 12 May 31, 2014",9.96,False,76.58136,2,body_text
© International Software Testing Qualifications Board,6.0,False,76.584,2,body_text
Qualifications Board,9.960000000000036,False,430.75,3,body_text
International Overview,10.980000000000018,False,447.91,3,body_text
Software Testing,9.960000000000036,False,437.95,3,body_text
Foundation Level Extension – Agile Tester,9.960000000000017,False,74.424,3,body_text
Revision History,15.960000000000036,True,70.944,3,H1
Version Date Remarks,9.960000000000036,True,74.424,3,body_text
0.1 18 JUNE 2013 Initial version,9.960000000000036,False,74.424,3,body_text
0.2 23 JULY 2013 WG reviewed and confirmed,9.960000000000036,False,74.424,3,body_text
0.3 6 NOV 2013 amended population and diagram,9.960000000000036,False,74.424,3,body_text
0.7 11 DEC 2013 Amended Business Outcomes and Chapters matching,9.960000000000036,False,74.424,3,body_text
0.8 20 DEC 2013 Working group updates on 0.7,9.960000000000036,False,74.424,3,body_text
1.0 31 MAY 2014 GA release for Agile Extension,9.960000000000036,False,74.424,3,body_text
"Version 2014 Page 3 of 12 May 31, 2014",9.960000000000008,False,76.584,3,body_text
© International Software Testing Qualifications Board,6.0,False,76.584,3,body_text
..........................................................................................................................................,9.960000000000036,True,151.8192,4,body_text
........................................................................................................................................,9.960000000000036,True,157.33704,4,body_text
............................................................................,9.960000000000036,True,322.97184000000004,4,body_text
...............................................................,9.960000000000036,True,358.86768000000006,4,body_text
.....................................................................................................................,9.960000000000036,False,195.86232000000004,4,body_text
............................................................................................................,9.960000000000036,False,221.81808000000004,4,body_text
...................................................................................................................,9.960000000000036,False,201.62916000000004,4,body_text
...................................................................................................................,9.960000000000036,False,201.62916000000004,4,body_text
...................................................................................................,9.960000000000036,False,247.74396000000004,4,body_text
......................................................................................................................,9.95999999999998,False,192.99384000000003,4,body_text
.........................................,9.95999999999998,True,414.07596,4,body_text
.................................................................................................................,9.95999999999998,False,201.6192,4,body_text
....................................................................................................................................,9.95999999999998,False,146.89896,4,body_text
..........................................................................................................................................,9.95999999999998,True,146.30136,4,body_text
.............................................................................................................................,9.95999999999998,False,167.06796,4,body_text
.......................................................................................................,9.95999999999998,False,230.46336000000002,4,body_text
International Overview,10.980000000000018,False,447.91,4,body_text
Software Testing,9.960000000000036,False,437.95,4,body_text
Foundation Level Extension – Agile Tester Qualifications Board,9.960000000000022,False,74.424,4,body_text
Table of Contents,15.960000000000036,True,70.944,4,H1
Revision History 3,9.960000000000036,True,70.944,4,H1
Table of Contents 4,9.960000000000036,True,70.94400000000002,4,H1
1. Introduction to the Foundation Level Extensions 6,9.960000000000036,True,70.94400000000002,4,H1
2. Introduction to Foundation Level Agile Tester Extension 7,9.960000000000036,True,70.94400000000002,4,H1
2.1 Intended Audience 7,9.960000000000036,False,80.904,4,H2
2.2 Career Paths for Testers 7,9.960000000000036,False,80.904,4,H2
2.3 Learning Objectives 7,9.960000000000036,False,80.91395999999997,4,H2
2.4 Entry Requirements 8,9.960000000000036,False,80.91395999999997,4,H2
2.5 Structure and Course Duration 8,9.960000000000036,False,80.91395999999997,4,H2
2.6 Keeping It Current 9,9.95999999999998,False,80.91395999999997,4,H2
3. Overview of the Foundation Level Extension – Agile Tester Syllabus 10,9.959999999999985,True,70.95396,4,H1
3.1 Business Outcomes 10,9.95999999999998,False,80.904,4,H2
3.2 Content 10,9.95999999999998,False,80.904,4,body_text
4. References 12,9.95999999999998,True,70.94399999999996,4,body_text
4.1 Trademarks 12,9.95999999999998,False,80.904,4,body_text
4.2 Documents and Web Sites 12,9.95999999999998,False,80.91396000000009,4,H2
"Version 2014 Page 4 of 12 May 31, 2014",9.96,False,76.60128000000009,4,body_text
© International Software Testing Qualifications Board,6.0,False,76.584,4,body_text
International Overview,10.980000000000018,False,447.91,5,body_text
Software Testing,9.960000000000036,False,437.95,5,body_text
Foundation Level Extension – Agile Tester Qualifications Board,9.960000000000022,False,74.424,5,body_text
Acknowledgements,15.960000000000036,False,70.944,5,H1
This document was produced by a team from the International Software Testing Qualifications Board,9.960000000000036,False,70.944,5,body_text
Foundation Level Working Group.,9.960000000000036,False,70.944,5,body_text
The Agile Extension team thanks the review team and the National Boards for their suggestions and input.,9.960000000000036,False,70.944,5,body_text
"At the time the Foundation Level Agile Extension Syllabus was completed, the Agile Extension Working",9.960000000000036,False,70.944,5,body_text
"Group had the following membership: Rex Black (Chair), Bertrand Cornanguer (Vice Chair), Gerry",9.960000000000036,False,70.944,5,body_text
"Coleman (Learning Objectives Lead), Debra Friedenberg (Exam Lead), Alon Linetzki (Business Outcomes",9.960000000000036,False,70.944,5,body_text
"and Marketing Lead), Tauhida Parveen (Editor), and Leo van der Aalst (Development Lead).",9.960000000000036,False,70.944,5,body_text
"Authors: Rex Black, Anders Claesson, Gerry Coleman, Bertrand Cornanguer, Istvan Forgacs, Alon",9.960000000000036,False,70.944,5,body_text
"Linetzki, Tilo Linz, Leo van der Aalst, Marie Walsh, and Stephan Weber.",9.95999999999998,False,70.944,5,body_text
"Internal Reviewers: Mette Bruhn-Pedersen, Christopher Clements, Alessandro Collino, Debra",9.95999999999998,False,70.944,5,body_text
"Friedenberg, Kari Kakkonen, Beata Karpinska, Sammy Kolluru, Jennifer Leger, Thomas Mueller, Tuula",9.95999999999998,False,70.944,5,body_text
"Pääkkönen, Meile Posthuma, Gabor Puhalla, Lloyd Roden, Marko Rytkönen, Monika Stoecklein-Olsen,",9.95999999999998,False,70.944,5,body_text
"Robert Treffny, Chris Van Bael, and Erik van Veenendaal.",9.95999999999998,False,70.944,5,body_text
"The team thanks also the following persons, from the National Boards and the Agile expert community,",9.95999999999998,False,70.944,5,body_text
"who participated in reviewing, commenting, and balloting of the Foundation Agile Extension Syllabus: Dani",9.95999999999998,False,70.944,5,body_text
"Almog, Richard Berns, Stephen Bird, Monika Bögge, Afeng Chai, Josephine Crawford, Tibor Csöndes,",9.95999999999998,False,70.944,5,body_text
"Huba Demeter, Arnaud Foucal, Cyril Fumery, Kobi Halperin, Inga Hansen, Hanne Hinz, Jidong Hu, Phill",9.95999999999998,False,70.944,5,body_text
"Isles, Shirley Itah, Martin Klonk, Kjell Lauren, Igal Levi, Rik Marselis, Johan Meivert, Armin Metzger, Peter",9.95999999999998,False,70.944,5,body_text
"Morgan, Ninna Morin, Ingvar Nordstrom, Chris O’Dea, Klaus Olsen, Ismo Paukamainen, Nathalie Phung,",9.960000000000036,False,70.944,5,body_text
"Helmut Pichler, Salvatore Reale, Stuart Reid, Hans Rombouts, Petri Säilynoja, Soile Sainio, Lars-Erik",9.95999999999998,False,70.94400000000002,5,body_text
"Sandberg, Dakar Shalom, Jian Shen, Marco Sogliani, Lucjan Stapp, Yaron Tsubery, Sabine Uhde,",9.95999999999998,False,70.94400000000002,5,body_text
"Stephanie Ulrich, Tommi Välimäki, Jurian Van de Laar, Marnix Van den Ent, António Vieira Melo, Wenye",9.95999999999998,False,70.94400000000002,5,body_text
"Xu, Ester Zabar, Wenqiang Zheng, Peter Zimmerer, Stevan Zivanovic, and Terry Zuo.",9.95999999999998,False,70.94400000000002,5,body_text
"This document was formally approved for release by the General Assembly of the ISTQB® on May 31,",9.95999999999998,False,70.94400000000002,5,body_text
2014.,9.95999999999998,False,70.944,5,body_text
"Version 2014 Page 5 of 12 May 31, 2014",9.96,False,76.58136,5,body_text
© International Software Testing Qualifications Board,6.0,False,76.584,5,body_text
Qualifications Board,9.960000000000036,False,430.75,6,body_text
International Overview,10.980000000000018,False,447.91,6,body_text
Software Testing,9.960000000000036,False,437.95,6,body_text
Foundation Level Extension – Agile Tester,9.960000000000017,False,74.424,6,body_text
1. Introduction to the Foundation Level Extensions,15.960000000000036,False,70.944,6,H1
This overview document is intended for anyone with an interest in the ISTQB Foundation Level,9.960000000000036,False,70.944,6,body_text
Extensions who wants a high-level introduction to the leading principles and an overview of the individual,9.960000000000036,False,70.944,6,body_text
extension syllabi.,9.960000000000036,False,70.94399999999999,6,body_text
"From time to time, ISTQB will update this document to reflect any additional extensions that shall be",9.960000000000036,False,70.94399999999999,6,body_text
"introduced for the Foundation Level, or to reflect major changes in existing ones. Publications of the",9.960000000000036,False,70.94399999999999,6,body_text
updated document will be available on the ISTQB website.,9.960000000000036,False,70.94399999999999,6,body_text
The ISTQB Foundation and Advanced Level syllabi have been defined and have been on the market for,9.960000000000036,False,70.94399999999999,6,body_text
some time. New topics emerge due to technology and methodology changes in the market which often,9.960000000000036,False,70.94399999999999,6,body_text
"are brought into the ISTQB program as new Expert Level syllabi. However, not all topics are suited for the",9.960000000000036,False,70.94399999999999,6,body_text
"Expert Level. For this reason, the extension syllabi are established at the Foundation Level to expand the",9.95999999999998,False,70.94399999999996,6,body_text
ISTQB program to incorporate new or updated knowledge. New extensions shall be discussed and,9.95999999999998,False,70.94399999999996,6,body_text
"introduced by the ISTQB periodically. Extensions may be established at the Advanced Level as well, but",9.95999999999998,False,70.94399999999996,6,body_text
that is beyond the scope of this document.,9.95999999999998,False,70.94399999999996,6,body_text
The following Foundation Level Extension syllabus has been released:,9.95999999999998,False,70.94399999999996,6,body_text
 Agile Tester,9.959999999999999,False,88.95167999999997,6,body_text
"In this document, each Foundation Level Extension syllabus is summarized and the associated Business",9.95999999999998,False,70.95395999999997,6,body_text
Outcomes are stated. The Business Outcomes communicate what can be expected from a person who,9.95999999999998,False,70.95395999999997,6,body_text
"achieves a Foundation Level Extension Certification in a particular subject area (e.g., Agile Tester), and",9.95999999999998,False,70.95395999999997,6,body_text
will outline the benefits for companies that are considering the development of specific testing skills at this,9.95999999999998,False,70.95395999999997,6,body_text
level.,9.95999999999998,False,70.95395999999997,6,body_text
"Version 2014 Page 6 of 12 May 31, 2014",9.96,False,76.59131999999997,6,body_text
© International Software Testing Qualifications Board,6.0,False,76.584,6,body_text
Qualifications Board,9.960000000000036,False,430.75,7,body_text
International Overview,10.980000000000018,False,447.91,7,body_text
Software Testing,9.960000000000036,False,437.95,7,body_text
Foundation Level Extension – Agile Tester,9.960000000000017,False,74.424,7,body_text
2. Introduction to Foundation Level Agile Tester Extension,15.960000000000036,False,70.944,7,H1
The certification for Foundation Level Extension – Agile Tester is designed for professionals who are,9.96000000000003,False,70.944,7,body_text
working within Agile environments. It is also for professionals who are planning to start implementing,9.960000000000036,False,70.94399999999999,7,body_text
"Agile methods in the near future, or are working within companies that plan to do so, The certification",9.960000000000036,False,70.94399999999999,7,body_text
"provides an advantage for those who would like to know the required Agile activities, roles, methods, and",9.960000000000036,False,70.95396000000005,7,body_text
methodologies specific to their role.,9.960000000000036,False,70.95396000000005,7,body_text
2.1 Intended Audience,14.040000000000077,False,70.944,7,H2
The Foundation Level Extension – Agile Tester qualification is aimed at four main groups of professionals:,9.96000000000003,False,70.944,7,body_text
1. Professionals who have achieved in-depth testing experience in traditional methods and would,9.960000000000036,False,88.94171999999998,7,body_text
like to get an Agile Tester Certificate.,9.960000000000036,False,106.93943999999999,7,body_text
"2. Junior professional testers who are just starting in the testing profession, have received the",9.95999999999998,False,88.94171999999999,7,body_text
"Foundation Level certificate, and would like to know more about the tester’s role in an Agile",9.960000000000008,False,106.93943999999999,7,body_text
environment.,9.95999999999998,False,106.94939999999997,7,body_text
"3. Professionals who are relatively new to testing and are required to implement test approaches,",9.95999999999998,False,88.95167999999997,7,body_text
methods and techniques in their day to day job in Agile projects.,9.95999999999998,False,106.95935999999996,7,body_text
4. Professionals who are experienced in their role (including unit testing) and need more,9.95999999999998,False,88.96163999999996,7,body_text
understanding and knowledge about how to perform and manage testing on all levels in Agile,9.95999999999998,False,106.95935999999996,7,body_text
projects.,9.95999999999998,False,106.95935999999996,7,body_text
"These professionals include people who are in roles such as testers, test analysts, test engineers, test",9.95999999999998,False,70.96391999999996,7,body_text
"consultants, test managers, user acceptance testers, and software developers.",9.95999999999998,False,70.97388000000012,7,body_text
This Foundation Level Extension – Agile Tester certification may also be appropriate for anyone who,9.959999999999983,False,70.97388000000012,7,body_text
"wants a deeper understanding of software testing in the Agile world, such as project managers, quality",9.95999999999998,False,70.97388000000012,7,body_text
"managers, software development managers, business analysts, IT directors, and management",9.95999999999998,False,70.97388000000012,7,body_text
consultants.,9.95999999999998,False,70.97388000000018,7,body_text
2.2 Career Paths for Testers,14.039999999999964,False,70.944,7,H2
"Building on the Foundation Level, the Agile Tester Extension supports the definition of career paths for",9.95999999999998,False,70.944,7,body_text
professional testers. A person with the Agile Tester certificate has extended the broad understanding of,9.95999999999998,False,70.944,7,body_text
testing acquired at the Foundation Level to enable him or her to work effectively as a professional tester in,9.95999999999998,False,70.944,7,body_text
an Agile project.,9.960000000000008,False,70.95395999999988,7,body_text
People possessing an ISTQB Foundation Level Extension – Agile Tester certificate may use the Certified,9.960000000000008,False,70.96391999999989,7,body_text
Tester Foundation Level acronym CTFL-AT.,9.960000000000008,False,70.96391999999986,7,body_text
2.3 Learning Objectives,14.04000000000002,False,70.944,7,H2
"In general, the Foundation Level syllabus is examinable at a K1 level, i.e., the candidate will recognize,",9.960000000000008,False,70.944,7,body_text
remember and recall terms and concepts stated in the Foundation Level syllabus.,9.960000000000008,False,70.944,7,body_text
"In addition, all Foundation Level syllabus learning objectives are examinable at the same K- level in an",9.95999999999999,False,70.94400000000002,7,body_text
extension exam.,9.959999999999994,False,70.94400000000002,7,body_text
"Version 2014 Page 7 of 12 May 31, 2014",9.960000000000008,False,76.58136000000002,7,body_text
© International Software Testing Qualifications Board,6.0,False,76.584,7,body_text
Qualifications Board,9.960000000000036,False,430.75,8,body_text
International Overview,10.980000000000018,False,447.91,8,body_text
Software Testing,9.960000000000036,False,437.95,8,body_text
Foundation Level Extension – Agile Tester,9.960000000000017,False,74.424,8,body_text
"That said, each extension level exam focuses on the learning objectives defined in that extension",9.960000000000036,False,70.944,8,body_text
"syllabus. The relevant learning objectives at K1, K2, and K3 levels are provided at the beginning of each",9.960000000000036,False,70.94399999999999,8,body_text
chapter within each particular extension syllabus.,9.960000000000036,False,70.94399999999999,8,body_text
2.4 Entry Requirements,14.040000000000077,False,70.944,8,H2
"To be able to participate in a Foundation Level Extension – Agile Tester exam, candidates must have",9.96000000000003,False,70.944,8,body_text
obtained the ISTQB Foundation Level certificate.,9.960000000000036,False,70.94400000000002,8,body_text
2.5 Structure and Course Duration,14.040000000000077,False,70.944,8,H2
The Foundation Level Extension – Agile Tester syllabus has no shared or common elements with the,9.96000000000003,False,70.944,8,body_text
Foundation Level syllabus.,9.960000000000036,False,70.94400000000002,8,body_text
The syllabi must be taught in the following minimum number of days:,9.95999999999998,False,70.94400000000002,8,body_text
Syllabus Days,9.95999999999998,True,212.21,8,body_text
Baseline: Foundation 3,9.95999999999998,False,212.21,8,body_text
Extension: Agile Tester 2,9.95999999999998,False,212.21,8,body_text
The following figure shows the structure of the Agile Tester Extension and its relationship to the,9.95999999999998,False,70.944,8,body_text
Foundation Level.,9.95999999999998,False,70.944,8,body_text
"Version 2014 Page 8 of 12 May 31, 2014",9.960000000000008,False,76.584,8,body_text
© International Software Testing Qualifications Board,6.0,False,76.584,8,body_text
Qualifications Board,9.960000000000036,False,430.75,9,body_text
International Overview,10.980000000000018,False,447.91,9,body_text
Software Testing,9.960000000000036,False,437.95,9,body_text
Foundation Level Extension – Agile Tester,9.960000000000017,False,74.424,9,body_text
2.6 Keeping It Current,14.040000000000077,False,70.944,9,H2
The software industry changes rapidly. To deal with these changes and to provide the stakeholders with,9.960000000000036,False,70.944,9,body_text
"access to relevant and current information, the ISTQB working groups have created links on the",9.960000000000036,False,70.944,9,body_text
"www.istqb.org web site which refer to supporting documents, changes to standards and new occurrences",9.960000000000036,False,70.944,9,body_text
in the industry. This information is not examinable under this syllabus.,9.960000000000036,False,70.94399999999999,9,body_text
"Version 2014 Page 9 of 12 May 31, 2014",9.96,False,76.58135999999996,9,body_text
© International Software Testing Qualifications Board,6.0,False,76.584,9,body_text
Qualifications Board,9.960000000000036,False,430.75,10,body_text
International Overview,10.980000000000018,False,447.91,10,body_text
Software Testing,9.960000000000036,False,437.95,10,body_text
Foundation Level Extension – Agile Tester,9.960000000000017,False,74.424,10,body_text
3. Overview of the Foundation Level Extension – Agile Tester,15.960000000000026,False,70.944,10,H1
Syllabus,15.960000000000036,True,106.93380000000008,10,body_text
3.1 Business Outcomes,14.040000000000077,False,70.944,10,H2
This section lists the Business Outcomes expected of a candidate who has achieved the Foundation Level,9.960000000000036,False,70.944,10,body_text
Extension – Agile Tester certification.,9.960000000000013,False,70.944,10,body_text
An Agile Tester can…,9.959999999999923,False,70.93404000000001,10,body_text
AFM1 Collaborate in a cross-functional Agile team being familiar with principles and basic,9.95999999999998,False,107.78,10,body_text
practices of Agile software development.,9.95999999999998,False,145.34,10,body_text
AFM2 Adapt existing testing experience and knowledge to Agile values and principles.,9.95999999999998,False,107.78,10,body_text
AFM3 Support the Agile team in planning test-related activities.,9.95999999999998,False,107.78,10,body_text
AFM4 Apply relevant methods and techniques for testing in an Agile project.,9.95999999999998,False,107.78,10,body_text
AFM5 Assist the Agile team in test automation activities.,9.95999999999998,False,107.78,10,body_text
"AFM6 Assist business stakeholders in defining understandable and testable user stories,",9.95999999999998,False,107.78,10,body_text
"scenarios, requirements and acceptance criteria as appropriate.",9.95999999999998,False,145.34,10,body_text
AFM7 Work and share information with other team members using effective communication,9.95999999999998,False,107.78,10,body_text
styles and channels.,9.95999999999998,False,145.34,10,body_text
"In general, a Certified Tester Foundation Level – Agile Tester is expected to have acquired the necessary",9.959999999999983,False,70.944,10,body_text
skills to working effectively within an Agile team and environment.,9.95999999999998,False,70.94399999999999,10,body_text
3.2 Content,14.04000000000002,False,70.944,10,H2
Chapter 1: Agile Software Development,9.960000000000008,False,70.944,10,body_text
 The tester should remember the basic concept of Agile software development based on the Agile,9.960000000000008,False,88.94172,10,body_text
Manifesto.,9.960000000000008,False,106.93944,10,body_text
 The tester should understand the advantages of the whole-team approach and the benefits of,9.960000000000008,False,88.94172,10,body_text
early and frequent feedback.,9.960000000000008,False,106.93944,10,body_text
 The tester should recall Agile software development approaches.,9.960000000000008,False,88.94172,10,body_text
 The tester should be able to write testable user stories in collaboration with developers and,9.960000000000008,False,88.94172,10,body_text
business representatives.,9.960000000000008,False,106.93944,10,body_text
 The tester should understand how retrospectives can be used as a mechanism for process,9.960000000000008,False,88.94172,10,body_text
improvement in Agile projects.,9.959999999999994,False,106.93944,10,body_text
 The tester should understand the use and purpose of continuous integration.,9.959999999999994,False,88.94172,10,body_text
" The tester should know the differences between iteration and release planning, and how a tester",9.95999999999999,False,88.94172,10,body_text
adds value in each of these activities.,9.959999999999994,False,106.93944,10,body_text
"Version 2014 Page 10 of 12 May 31, 2014",9.96,False,76.58136,10,body_text
© International Software Testing Qualifications Board,6.0,False,76.584,10,body_text
International Overview,10.980000000000018,False,447.91,11,body_text
Software Testing,9.960000000000036,False,437.95,11,body_text
Foundation Level Extension – Agile Tester Qualifications Board,9.960000000000022,False,74.424,11,body_text
"Chapter 2: Fundamental Agile Testing Principles, Practices, and Processes",9.960000000000036,False,70.944,11,body_text
 The tester should be able to describe the differences between testing activities in Agile projects,9.96000000000003,False,88.94172,11,body_text
and non-Agile projects.,9.960000000000036,False,106.93944,11,body_text
 The tester should be able to describe how development and testing activities are integrated in,9.96000000000003,False,88.94172,11,body_text
Agile projects.,9.960000000000036,False,106.93944,11,body_text
 The tester should be able to describe the role of independent testing in Agile projects.,9.96000000000003,False,88.94172,11,body_text
 The tester should be able to describe the tools and techniques used to communicate the status of,9.96000000000003,False,88.94172,11,body_text
"testing in an Agile project, including test progress and product quality.",9.960000000000036,False,106.93944,11,body_text
 The tester should be able to describe the process of evolving tests across multiple iterations and,9.96000000000003,False,88.94172,11,body_text
explain why test automation is important to manage regression risk in Agile projects.,9.960000000000036,False,106.93944,11,body_text
" The tester should understand the skills (people, domain, and testing) of a tester in an Agile team.",9.96000000000003,False,88.94172,11,body_text
 The tester should be able to understand the role of a tester within an Agile team.,9.96000000000003,False,88.94172,11,body_text
"Chapter 3: Agile Testing Methods, Techniques, and Tools",9.960000000000036,False,70.944,11,body_text
" The tester should be able to recall the concepts of test-driven development, acceptance test-",9.960000000000036,False,88.94172,11,body_text
"driven development, and behavior-driven development.",9.95999999999998,False,106.93944,11,body_text
 The tester should be able to recall the concepts of the test pyramid.,9.959999999999983,False,88.94172,11,body_text
 The tester should be able to summarize the testing quadrants and their relationships with testing,9.959999999999983,False,88.94172,11,body_text
levels and testing types.,9.95999999999998,False,106.93944,11,body_text
" For a given Agile project, the tester should be able to work as a tester in a Scrum team.",9.959999999999983,False,88.94172,11,body_text
 The tester should be able to assess quality risks within an Agile project.,9.959999999999983,False,88.94172,11,body_text
 The tester should be able to estimate testing effort based on iteration content and quality risks.,9.959999999999983,False,88.94172,11,body_text
 The tester should be able to interpret relevant information to support testing activities.,9.959999999999983,False,88.94172,11,body_text
 The tester should be able to explain to business stakeholders how to define testable acceptance,9.959999999999983,False,88.94172,11,body_text
criteria.,9.95999999999998,False,106.93944,11,body_text
" Given a user story, the tester should be able to write acceptance test-driven development test",9.959999999999983,False,88.94172,11,body_text
cases.,9.95999999999998,False,106.93944,11,body_text
" For both functional and non-functional behavior, the tester should be able to write test cases using",9.959999999999983,False,88.94172,11,body_text
black box test design techniques based on given user stories.,9.95999999999998,False,106.93944,11,body_text
 The tester should be able to perform exploratory testing to support the testing of an Agile project.,9.959999999999983,False,88.94172,11,body_text
 The tester should be able to recall different tools available to testers according to their purpose,9.959999999999983,False,88.94172,11,body_text
and to activities in Agile projects.,9.95999999999998,False,106.93944,11,body_text
"Version 2014 Page 11 of 12 May 31, 2014",9.96,False,76.58136,11,body_text
© International Software Testing Qualifications Board,6.0,False,76.584,11,body_text
Qualifications Board,9.960000000000036,False,430.75,12,body_text
International Overview,10.980000000000018,False,447.91,12,body_text
Software Testing,9.960000000000036,False,437.95,12,body_text
Foundation Level Extension – Agile Tester,9.960000000000017,False,74.424,12,body_text
4. References,15.960000000000036,False,70.944,12,H1
4.1 Trademarks,14.040000000000077,False,70.944,12,H2
The following registered trademarks and service marks are used in this document:,9.960000000000036,False,70.944,12,body_text
ISTQB ® is a registered trademark of the International Software Testing Qualifications Board,9.692307692307727,False,70.944,12,body_text
4.2 Documents and Web Sites,14.040000000000077,False,70.944,12,H2
Identifier Reference,9.95999999999998,True,76.344,12,body_text
[ISTQB-Web] Web site of the International Software Testing Qualifications Board. Refer,9.95999999999998,False,76.344,12,body_text
to this website for the latest ISTQB Glossary and Syllabi. (www.istqb.org),9.95999999999998,False,193.34,12,body_text
"Version 2014 Page 12 of 12 May 31, 2014",9.960000000000008,False,76.584,12,body_text
© International Software Testing Qualifications Board,6.0,False,76.584,12,body_text
Ontario’s Libraries,15.960000000000036,False,95.4406,1,body_text
Working Together,15.960000000000036,False,95.4406,1,body_text
RFP: R RFP: R RFP: R RFP: Reeeequest f quest f quest f quest foooor Pr r Pr r Pr r Proposal oposal oposal oposal,32.039999999999964,False,90.0243,1,body_text
To Present a Proposal for Developing,24.0,False,131.8006,1,body_text
the Business Plan for the Ontario,24.000000000000057,False,131.8006,1,body_text
Digital Library,24.0,False,131.8006,1,body_text
"March 21, 2003",20.039999999999964,False,238.2406,1,body_text
"The Ontario Digital Library will make Ontario a better place to study, work and live by ensuring that",9.959999999999988,False,91.6651602,1,body_text
all Ontario citizens have access to the knowledge and learning supports needed to be life-long,9.95999999999999,False,91.66511580000001,1,body_text
learners and effective contributors towards Ontario’s prosperity.,9.959999999999994,False,91.66507140000002,1,body_text
Ontario’s Digital Library,20.039999999999964,False,90.0406,2,H1
A Critical Component for Implementing Ontario’s Road Map to,15.960000000000036,False,90.0406,2,body_text
Prosperity Strategy,15.960000000000036,False,90.0406,2,body_text
Summary,12.0,False,96.0406,2,H2
The purpose of this Request for Proposal ( RFP ) is to invite firms and/or consultants to,11.039999999999964,False,96.0406,2,body_text
present a proposal for developing the business plan for the Ontario Digital Library (ODL).,11.039999999999964,False,96.04059999999998,2,body_text
The ODL will deliver high-quality library electronic content to all Ontario residents in order to,11.039999999999964,False,96.04059999999998,2,body_text
"assist people as they learn, work, and enhance their quality of life. The business plan to be",11.039999999999964,False,96.04059999999998,2,body_text
developed is to document and clearly communicate:,11.039999999999964,False,96.04059999999998,2,body_text
"how the ODL will be implemented, including the timeline",11.039999999999964,False,132.04204,2,body_text
the financial plan for the implementation,11.039999999999964,False,132.04204,2,body_text
"the financial plan for the first 2 operating years, including capital and operating costs,",11.039999999999964,False,132.04204,2,body_text
"revenues, etc.",11.039999999999964,False,132.63819999999998,2,body_text
a financial forecast for the succeeding 2 operating years,11.039999999999964,False,132.042,2,body_text
the services and products to be delivered by the ODL,11.039999999999964,False,132.042,2,body_text
how the ODL will operate and be managed following the implementation,11.039999999999964,False,132.042,2,body_text
"who will be involved, and what their role/responsibility will be, for both the",11.039999999999964,False,132.042,2,body_text
implementation and operational stages,11.039999999999964,False,132.63816,2,body_text
the marketing and communications plan for the ODL,11.039999999999964,False,132.042,2,body_text
This business plan must be completed and approved by the ODL Steering Committee no,11.039999999999964,False,96.04056,2,body_text
"later than September 30, 2003",11.039999999999964,False,96.04060000000001,2,body_text
Timeline:,11.039999999999964,False,96.04060000000001,2,H3
Those firms/consultants intended to submit a proposal to this RFP must indicate their,11.039999999999964,False,96.04060000000001,2,body_text
intention to do so in an e-mail to Michael Ridley (mridley@uoguelph.ca) by April 11 th .,10.784999999999968,False,96.04060000000001,2,body_text
"Proposals may be e-mailed, mailed, couriered or faxed to: Larry Moore",11.039999999999992,False,96.04108000000008,2,body_text
"(lmoore@accessola.com), Executive Director, The Ontario Library Association, 100 Lombard",10.799999999999995,False,96.04108000000008,2,body_text
"St., Suite 303, Toronto, ON M5C 1M3. Proposals must be received by Noon on Monday,",10.536,False,96.04575999999997,2,body_text
"April 21, 2003.",11.039999999999992,True,96.03964000000002,2,body_text
Those proposals that are short-listed will be invited to discuss their proposal during the week,11.039999999999992,False,96.03964000000002,2,body_text
"of April 28, 2003 . No presentation will be expected. Firms or consultants invited to an",11.039999999999992,False,96.03964000000002,2,body_text
interview will be expected to discuss the project and their approach with the selection,11.039999999999992,False,96.03964,2,body_text
committee .,11.039999999999992,False,96.03964,2,body_text
"Contracts with the firm/consultant will be signed the week of May 5, 2003 with the work to",11.04000000000001,False,96.03963999999999,2,body_text
commence as soon as possible thereafter.,11.040000000000006,False,96.05067999999994,2,body_text
RFP: To Develop the Ontario Digital Library Business Plan March 2003 2 22 2,7.86857142857143,True,90.0406,2,body_text
Please note that we reserve the right not to select any of the submitted proposals and may,11.039999999999964,False,96.0406,3,body_text
seek further response to these Terms of Reference.,11.039999999999964,False,96.0406,3,body_text
"If you require further information or have any questions, please contact Michael Ridley by e-",11.039999999999964,False,96.0406,3,body_text
mail (mridley@uoguelph.ca) only by 3:00 p.m. on Friday April 18th . All questions and,11.039999999999964,False,96.0406,3,body_text
responses will be shared with those who have indicated that they will be submitting a,11.039999999999964,False,96.01852000000002,3,body_text
"proposal. Please note, that firms/consultants who have not indicated in an e-mail to Michael",11.039999999999964,False,96.01852000000002,3,body_text
Ridley by April 11 th that they will be submitting a proposal will not receive any further,10.799999999999969,False,96.01852000000002,3,body_text
information or question responses.,11.039999999999964,False,96.03628000000002,3,body_text
Background,12.0,False,96.0406,3,H2
"First, some background on the ODL. For the last two years the Ontario Library Association",11.039999999999964,False,90.0406,3,body_text
"has acted as a catalyst, bringing together the stakeholders needed to create the Ontario",11.039999999999964,False,90.0406,3,body_text
"Digital Library (ODL). These stakeholders include Ontario’s 5000+ public libraries, university,",11.039999999999964,False,90.0406,3,body_text
"college, and school libraries, as well as Ontario government ministries.",11.039999999999964,False,90.0406,3,body_text
Libraries that serve very different clientele recognize that by working together they can create,11.039999999999964,False,90.0406,3,body_text
"seamless access to quality electronic library services. Through the ODL, students will be",11.039999999999964,False,90.0406,3,body_text
"able to explore a topic at school, use the same child-safe resources after school (either at",11.039999999999964,False,90.0406,3,body_text
"home or at a public library), enter college or university with a knowledge of how to use",11.039999999999964,False,90.0406,3,body_text
"electronic resources that are still available and then, after graduation, continue to use these",11.039999999999964,False,90.0406,3,body_text
skills and resources at work or at home.,11.039999999999964,False,90.0406,3,body_text
We are moving into a period of convergence. With convergence we no longer have to license,11.039999999999964,False,90.0406,3,body_text
commercial products as individual libraries or institutions. We can work together to spend our,11.039999999999964,False,90.0406,3,body_text
money wisely. The provincial government has made this possible by working hard to provide,11.039999999999964,False,90.0406,3,body_text
"all Ontarians with a stable, high-speed communications infrastructure. While there is still a",11.039999999999964,False,90.0406,3,body_text
"great deal of work needed to improve this infrastructure, libraries are beginning to plan how",11.039999999999964,False,90.0406,3,body_text
best to exploit communications technology. We can reduce barriers to access and create the,11.039999999999964,False,90.0406,3,body_text
content infrastructure needed to support a knowledge society.,11.039999999999964,False,90.0406,3,body_text
"The concept of an ODL is a key element in The Roadmap to Prosperity , a strategic plan to",11.039999999999964,False,90.0406,3,body_text
envision and attain Ontario’s economic goal prepared by the Ontario Jobs and Investment,11.039999999999964,False,90.04060000000004,3,body_text
Board. The OJIB strategic plan recommends an electronic library to “connect students to new,11.039999999999964,False,90.04060000000004,3,body_text
"workplaces, new sources of information and applied learning opportunities”. The ODL will do",11.039999999999992,False,90.04060000000004,3,body_text
"that and much more. The ODL will connect students to electronic information, and will also",11.039999999999992,False,90.04060000000004,3,body_text
leverage this investment to help connect all citizens to the electronic information they need as,11.039999999999992,False,90.04060000000004,3,body_text
"they make decisions, solve problems and enhance their quality of life.",11.039999999999992,False,90.04060000000004,3,body_text
Libraries have long been a key delivery point for public services. The ODL will allow that,11.039999999999992,False,90.04060000000004,3,body_text
"delivery point to move closer to citizens, into the smallest of libraries and even into living",11.039999999999992,False,90.04060000000004,3,body_text
rooms.,11.039999999999992,False,90.04060000000004,3,body_text
"Libraries have a long tradition of using a practical, consultative approach to solving problems,",11.039999999999992,False,90.04060000000004,3,body_text
and of learning from others. The ODL is a very practical solution to various problems.,11.04000000000001,False,90.04060000000004,3,body_text
Jurisdiction-wide digital libraries are very practical and very real. The ODL we propose is,11.040000000000008,False,90.04060000000004,3,body_text
leading edge for Ontario but several jurisdictions have forged the path with collaborative,11.040000000000008,False,90.04060000000004,3,body_text
"digital libraries. We can learn from their experiences. For example, The Alberta Library (TAL)",11.040000000000008,False,90.04060000000004,3,body_text
RFP: To Develop the Ontario Digital Library Business Plan March 2003 3 33 3,7.86857142857143,True,90.0406,3,body_text
was incorporated in 1997 as a province-wide library consortium. TAL works collaboratively,11.039999999999964,False,90.0328,4,body_text
with its members to promote universal access to materials and resources in more than 250,11.039999999999964,False,90.03276000000001,4,body_text
"public, post-secondary, special, government and regional libraries. Unlike ODL, TAL does",11.039999999999964,False,90.03276000000001,4,body_text
"not include elementary or secondary schools. However, the timeline and funding we are",11.039999999999964,False,90.03276000000001,4,body_text
proposing for ODL is comparable to TAL‘s experience. TAL’s business planning took several,11.039999999999964,False,90.03276000000001,4,body_text
years. TAL’s implementation plan was supported by 8 million dollars in provincially shared,11.039999999999964,False,90.03276000000001,4,body_text
"funding, spread over three years, later revised to 15 million dollars over 4 years. Not only is",11.039999999999964,False,90.03276000000001,4,body_text
"Alberta’s population 30% of Ontario’s, TAL does not include elementary or secondary",11.039999999999964,False,90.03276000000001,4,body_text
schools as partners; it has 250 member libraries. ODL envisions universal access for all,11.039999999999964,False,90.03276000000001,4,body_text
"10,000,000 Ontarians, with more than 5000 Ontario libraries as partners. Although ODL can",11.039999999999964,False,90.03276000000001,4,body_text
"learn from TAL’s practices, the scope of planning and implementing ODL is much larger than",11.039999999999964,False,90.03276000000001,4,body_text
TAL.,11.039999999999964,False,90.03276000000001,4,body_text
The ODL will be a partnership-based organization providing seamless electronic information,11.039999999999964,False,90.03276000000001,4,body_text
services and resources to the citizens of Ontario. It will use local libraries as the entry point for,11.039999999999964,False,90.03276000000001,4,body_text
common resources The ODL will recognize the unique responsibilities and needs of public,11.039999999999964,False,90.03276000000001,4,body_text
"libraries, school libraries, college and university libraries and special libraries. The ODL",11.039999999999964,False,90.03276000000001,4,body_text
"envisions a digital network of information resources, allowing members to collaborate when",11.039999999999964,False,90.03276000000001,4,body_text
there is mutual benefit and to support the common mandates of local libraries.,11.039999999999964,False,90.03276000000001,4,body_text
The principles which will define and guide the ODL are:,11.039999999999964,False,90.03276000000001,4,body_text
Equitable access for all Ontarians:,11.039999999999964,True,90.03276000000001,4,H3
"We will bring consistent, high-quality electronic resources and services to 10 million",11.039999999999964,False,108.02796000000001,4,body_text
Ontario citizens,11.039999999999964,False,108.02796000000001,4,body_text
We will eliminate barriers to the access to information and create more consistent,11.039999999999964,False,108.02796000000001,4,body_text
services for library clients.,11.039999999999964,False,108.02796000000001,4,body_text
Shared decision-making and accountability:,11.039999999999964,True,90.03276000000001,4,H3
We will facilitate consensus among members regarding ODL’s portfolio of electronic,11.039999999999964,False,108.02796000000001,4,body_text
licenses and services,11.039999999999964,False,108.02796000000001,4,body_text
We will balance the interests and realities of small and large as well as rich and poor,11.039999999999964,False,108.02796000000001,4,body_text
communities and institutions.,11.039999999999964,False,108.02796000000001,4,body_text
Shared governance structure:,11.039999999999992,True,90.03276000000001,4,H3
We will share decision-making in order to enable the people we serve.,11.039999999999992,False,108.02796000000001,4,body_text
We will work based on an underlying assumption of trust and synergy.,11.039999999999992,False,108.02796000000001,4,body_text
Shared funding:,11.039999999999992,True,90.03276000000001,4,H3
"We will leverage provincial, institutional, and local dollars to realize economies of scale",11.039999999999992,False,108.02796000000001,4,body_text
and put Ontario dollars to work for everyone .,11.040000000000006,False,108.02796000000001,4,body_text
We will be willing to pool talents and dollars in order to provide common services that are,11.04000000000001,False,108.02796000000001,4,body_text
truly greater than those that can be maintained by individual institutions.,11.040000000000006,False,108.02796000000001,4,body_text
RFP: To Develop the Ontario Digital Library Business Plan March 2003 4 44 4,7.86857142857143,True,90.0406,4,body_text
Local points of entry:,11.039999999999964,True,89.9997,5,H3
"We will provide the licenses, infrastructure, services and support that enable local",11.039999999999964,False,114.00066000000001,5,body_text
"libraries to provide exceptional services to their clientele. ODL will focus on support,",11.039999999999964,False,114.00066000000001,5,body_text
"providing the underpinning, not overshadowing.",11.039999999999964,False,114.00066000000001,5,body_text
Services envisioned for the ODL’s include:,11.039999999999964,False,89.99970000000002,5,body_text
Access:,11.039999999999964,True,89.99970000000002,5,H3
"to the “deep” web (i.e. Commercial, purchased electronic services)",11.039999999999964,False,107.99490000000002,5,body_text
to credible web sites and electronic resources,11.039999999999964,False,107.99490000000002,5,body_text
to digital government information,11.039999999999964,False,107.99490000000002,5,body_text
to local digital collections,11.039999999999964,False,107.99490000000002,5,body_text
Guidance and Advice:,11.039999999999964,True,89.9997,5,H3
to support e-learning,11.039999999999964,False,107.9949,5,body_text
"to support citizens, in real-time, as they try to use electronic resources",11.039999999999964,False,107.9949,5,body_text
to assist citizens as they use web-links,11.039999999999964,False,107.9949,5,body_text
Training:,11.039999999999964,True,89.9997,5,H3
for library workers,11.039999999999964,False,107.9949,5,body_text
for the general public,11.039999999999964,False,107.9949,5,body_text
Provincial Purchasing & Licensing:,11.039999999999964,True,89.9997,5,H3
of electronic content on a consortia basis for all member libraries,11.039999999999964,False,107.9949,5,body_text
Technological Support:,11.039999999999964,True,89.9997,5,H3
of common standards for the preservation and archiving local digital content,11.039999999999964,False,107.9949,5,body_text
of a common interface to ODL resources and services that can be imbedded in local,11.039999999999964,False,107.9949,5,body_text
library web sites,11.039999999999964,False,107.9949,5,body_text
What could the ODL really mean?,11.04000000000002,False,89.99969999999999,5,H3
For each Ontario citizen it could mean:,11.039999999999964,True,89.99970000000002,5,H4
One local point of entry to access seamless electronic library services and,11.039999999999964,False,162.00258000000002,5,body_text
"resources for their personal, educational and professional needs;",11.039999999999964,False,162.00258000000002,5,body_text
"Access to credible, high-quality, user-friendly electronic services through their",11.039999999999992,False,162.00258000000002,5,body_text
"community, school, or academic library;",11.039999999999992,False,162.00258000000002,5,body_text
Confidence that the electronic services and sources they – and their children,11.039999999999992,False,162.0026,5,body_text
"– are using are safe, valid, and bringing them both global and local",11.039999999999992,False,162.0026,5,body_text
perspectives;,11.039999999999992,False,162.0026,5,body_text
Electronic information and tools that enhance job skills and the learning,11.039999999999992,False,162.0026,5,body_text
experience,11.039999999999992,False,162.00258000000002,5,body_text
For each Ontario student it could mean:,11.039999999999992,True,89.99970000000003,5,H4
"One local point of entry to quality, curriculum-based electronic information",11.039999999999992,False,162.00258000000002,5,body_text
resources and services,11.040000000000006,False,162.00258000000002,5,body_text
"Connection to their individual educational environment, whether at the",11.040000000000006,False,162.00258000000002,5,body_text
"elementary, secondary or post-secondary levels",11.040000000000006,False,162.00258000000002,5,body_text
RFP: To Develop the Ontario Digital Library Business Plan March 2003 5 55 5,7.86857142857143,True,90.0406,5,body_text
"Confidence that the services and resources people are using are credible,",11.039999999999964,False,162.0402,6,body_text
available when they need them and adaptable to different learning styles,11.039999999999964,False,162.0402,6,body_text
For each Ontario library it could mean:,11.039999999999964,True,90.03732000000001,6,H4
One point of entry for themselves and their clientele to quality electronic,11.039999999999964,False,162.0402,6,body_text
"resources and services that support and enhance their collections, programs",11.039999999999964,False,162.0402,6,body_text
and services,11.039999999999964,False,162.0402,6,body_text
"The opportunity to show case their local community, collections, services, and",11.039999999999964,False,162.0402,6,body_text
expertise,11.039999999999964,False,162.0402,6,body_text
"The opportunity to gain from the provincial, collaborative partnership in order",11.039999999999964,False,162.0402,6,body_text
to provide a seamless gateway to digital resources and services,11.039999999999964,False,162.0402,6,body_text
For the Ontario government it could mean:,11.039999999999964,True,90.03732000000001,6,H4
"A point of entry to information services and resources for all Ontario citizens,",11.039999999999964,False,162.0402,6,body_text
connecting to portal initiatives .,11.039999999999964,False,162.0402,6,body_text
Support of the Ontario E-Learning strategy through a collaborative digital,11.039999999999964,False,162.0402,6,body_text
library initiative that positions Ontario on the global e-learning scene,11.039999999999964,False,162.0402,6,body_text
Improved access and flexibility for all students at all ages and stages,11.039999999999964,False,162.0402,6,body_text
(supports Ontario’s lifelong learning strategy),11.039999999999964,False,162.0402,6,body_text
The opportunity to address emerging job skills shortages and facilitate school,11.039999999999964,False,162.0402,6,body_text
to work and job to job transitions with the necessary information and,11.039999999999964,False,162.0402,6,body_text
knowledge supports and tools,11.039999999999964,False,162.0402,6,body_text
ODL will be an incorporated non-profit organization governed by a Board of Directors elected,11.039999999999964,False,90.03732000000001,6,body_text
by a voting membership. The Board will include representatives from all stakeholders. We,11.039999999999964,False,90.04836000000002,6,body_text
envision a governance model similar to that prepared for the province’s ORION network.,11.039999999999964,False,90.04836000000002,6,body_text
"More information regarding the envisioned phasing, funding and resources required for the",11.039999999999964,False,90.04836000000002,6,body_text
ODL can be found in the appendixes.,11.039999999999964,False,90.04836000000002,6,body_text
The Business Plan to be Developed,12.0,False,96.0406,6,H2
The business plan which needs to be developed for the ODL must be a formal business plan,11.039999999999964,False,90.0406,6,body_text
"that documents and clearly communicates the ODL’s services, funding and governance",11.039999999999964,False,90.0406,6,body_text
"structures, as well as implementation plans for 2004-2005, and operational plans for 2005-",11.04000000000002,False,90.0406,6,body_text
"2007. The planning process must also secure the full commitment of all stakeholders, as",11.039999999999992,False,90.0406,6,body_text
represented on the Steering Committee.,11.039999999999992,False,90.0406,6,body_text
"Specifically, the business plan must include:",11.039999999999992,False,90.0406,6,body_text
"how the ODL will be implemented, including the timeline",11.039999999999992,False,132.03676,6,body_text
the financial plan for the implementation,11.039999999999992,False,132.03676,6,body_text
"the financial plan for the first 2 operating years, including capital and operating costs,",11.039999999999992,False,132.03676,6,body_text
"revenues, etc.",11.039999999999992,False,135.03964,6,body_text
a financial f orecast for the succeeding 2 operating years,11.039999999999996,False,132.03680000000003,6,body_text
the services and products to be delivered by the ODL,11.040000000000006,False,132.03676,6,body_text
how the ODL will operate and be managed following the implementation,11.040000000000006,False,132.03676,6,body_text
"who will be involved, and what their role/responsibility will be, for both the",11.040000000000008,False,132.03676,6,body_text
implementation and operational stages,11.040000000000006,False,130.6016,6,body_text
RFP: To Develop the Ontario Digital Library Business Plan March 2003 6 66 6,7.86857142857143,True,90.0406,6,body_text
the marketing and communications plan for the ODL,11.039999999999964,False,132.0409,7,body_text
the commitment of all stakeholders to their responsibilities,11.039999999999964,False,132.0409,7,body_text
The process of developing this business plan must be extremely consultative to ensure that,11.039999999999964,False,90.04473999999999,7,body_text
all stakeholders are engaged in creating a synergistic ODL organization. The proposal must,11.039999999999964,False,90.04473999999999,7,body_text
indicate how this consultative process will be approached.,11.039999999999964,False,90.04473999999999,7,body_text
"The business plan for the ODL must address significant issues. There are, for example,",11.039999999999964,False,90.04473999999999,7,body_text
enormous differences in the financial resources available to libraries mandated to provide,11.039999999999964,False,90.04473999999999,7,body_text
"similar services. Some post-secondary and public libraries, particularly those in large urban",11.039999999999964,False,90.04473999999999,7,body_text
"areas, have the facilities, funding and technological infrastructure necessary to service their",11.039999999999964,False,90.04473999999999,7,body_text
"patrons with electronic services and resources. Many others, particularly in rural regions, do",11.039999999999964,False,90.04473999999999,7,body_text
not. The proposal must indicate how these issues will be approached.,11.039999999999964,False,90.04473999999999,7,body_text
Milestones,12.0,False,96.0406,7,H3
1) A preliminary report will be issued during June 2003.,11.039999999999964,False,108.0406,7,body_text
"2) It is expected that an Interim Report, suitable for distribution to the broader library",11.039999999999964,False,108.0406,7,body_text
"community will be available by August 1, 2003 and that there will be an opportunity",11.039999999999964,False,126.0358,7,body_text
for responses to be evaluated.,11.039999999999964,False,126.0358,7,body_text
3) The business plan must be completed and approved by the ODL Steering Committee,11.039999999999964,False,108.0406,7,body_text
"no later than September 30, 2003.",11.039999999999964,False,126.0358,7,body_text
Approach and Specific Proposal Requirements,12.0,False,99.5206,7,H2
The firm/consultant (or proposed team of consultants) will be expected to work closely with,11.039999999999964,False,90.0406,7,body_text
the ODL Steering Committee. Terms of reference for the Committee are in the appendix.,11.039999999999964,False,90.04059999999996,7,body_text
"Given the consultative nature of this business planning process, the firm/consultant will also",11.039999999999964,False,90.04059999999996,7,body_text
be expected to travel and communicate regularly with various stakeholders as well as with,11.039999999999964,False,90.04059999999996,7,body_text
electronic resource publishers/vendors.,11.039999999999964,False,90.04059999999996,7,body_text
The proposal should include the following information:,11.04000000000002,False,90.04059999999996,7,body_text
a) name of the firm/consultant,11.039999999999992,False,108.03579999999995,7,body_text
"b) names of those individuals who will be engaged in this project, their specific",11.039999999999992,False,108.03579999999995,7,body_text
responsibilities on this project and relevant experience/qualifications,11.039999999999992,False,108.03579999999995,7,body_text
c) description of similar engagements that highlight the firm’s experience in business,11.039999999999992,False,108.03579999999995,7,body_text
planning and building stakeholder commitment,11.039999999999992,False,108.03579999999995,7,body_text
d) references with details of work completed for these references,11.039999999999992,False,108.03579999999995,7,body_text
"e) description of the approach that will be used for completing the business plan,",11.039999999999992,False,108.03579999999995,7,body_text
including a timeline,11.039999999999992,False,108.03579999999995,7,body_text
"f) cost to complete the study including estimated expenses (i.e.: travel, etc.) and payment",11.040000000000008,False,108.03579999999995,7,body_text
structure,11.040000000000006,False,108.03579999999995,7,body_text
RFP: To Develop the Ontario Digital Library Business Plan March 2003 7 77 7,7.86857142857143,True,90.0406,7,body_text
Evaluation and Awarding of Contract,12.0,False,96.0406,8,H2
The contract will be awarded to the bidder whose submission offers the best value; the contract will,11.039999999999964,False,90.0406,8,body_text
not necessarily be awarded to the lowest bidder. We reserve the right not to award the contract to,11.039999999999964,False,90.0406,8,body_text
any of the bidders responding to this RFP and we may seek further response.,11.039999999999964,False,90.0406,8,body_text
"Specifically, proposals will be evaluated proposals according to the following criteria:",11.039999999999964,False,90.0406,8,body_text
Quality of the proposal /approach outlined for undertaking the business planning process,11.039999999999964,False,126.04203999999999,8,body_text
Demonstrated experience,11.039999999999964,False,126.04203999999999,8,body_text
"Cost, including expenses",11.039999999999964,False,126.04203999999999,8,body_text
Timeline and projected completion date,11.039999999999964,False,126.04203999999999,8,body_text
Other relevant factors as determined by the ODL Steering Committee,11.039999999999964,False,126.04203999999999,8,body_text
Questions regarding this RFP should be directed by e-mail only to Michael Ridley,11.039999999999964,False,90.04059999999998,8,body_text
(mridley@uoguelph.ca).,11.039999999999964,False,90.04059999999998,8,body_text
Bidders are asked not to contact any other member of the ODL Catalyst Team or the ODL Steering,11.039999999999964,False,90.04059999999998,8,body_text
Committee.,11.039999999999964,False,90.04059999999998,8,body_text
RFP: To Develop the Ontario Digital Library Business Plan March 2003 8 88 8,7.86857142857143,True,90.0406,8,body_text
Appendix A: ODL Envisioned Phases & Funding,12.0,False,90.0406,9,H2
Phase I: Business Planning,9.959999999999923,True,90.0405,9,H3
Timeline: March 2003 – September 2003,9.959999999999923,True,90.0405,9,body_text
"Funding Requested: ~$100,000 jointly funded by stakeholder groups and the provincial government.",9.959999999999923,True,90.0405,9,body_text
Result: The ODL business plan,9.959999999999923,True,90.04050000000001,9,body_text
"The first phase will be to build the ODL business plan. This plan will clearly define the ODL’s services,",9.959999999999923,False,90.04050000000001,9,body_text
"funding and governance structures, as well as implementation plans for 2003-2005. It will also secure",9.959999999999923,False,90.04050000000001,9,body_text
the full commitment of all stakeholders and scope the operational plan for ODL for 2006 and beyond.,9.959999999999923,False,90.04050000000001,9,body_text
"Given the number and diversity of stakeholders involved, the business planning process must be a fully",9.959999999999923,False,90.04050000000001,9,body_text
consultative approach. To ensure that the planning results in a workable plan with the full commitment,9.95999999999998,False,90.04050000000001,9,body_text
"of all stakeholders it must have competent, dedicated staffing and monies for the travel and",9.95999999999998,False,90.04050000000001,9,body_text
communication components so critical in a consultative process.,9.95999999999998,False,90.04050000000001,9,body_text
Phase II: Implementing and Transitioning,9.95999999999998,True,90.04050000000001,9,H3
Timeline: April 2004 – December 2006,9.95999999999998,True,90.04050000000001,9,body_text
Funding Requested: Funding from other states and provinces suggest that the ODL could receive,9.95999999999998,True,90.04050000000001,9,body_text
"funding of up to $50 Million (over 3 years). Funding to be provided partnership of government, library",9.95999999999998,False,90.04050000000001,9,body_text
stakeholders and other interested parties.,9.95999999999998,False,90.04050000000002,9,body_text
Result: The ODL is implemented and validated,9.95999999999998,True,90.04050000000002,9,body_text
The second phase will be to implement the ODL based on the business plan. This phase recognizes,9.95999999999998,False,90.04050000000002,9,body_text
that for ODL to be optimally successful libraries must transition to a new way of doing business and,9.95999999999998,False,90.04050000000002,9,body_text
providing services. The transition must occur while libraries continue to provide existing services and,9.95999999999998,False,90.04050000000002,9,body_text
"respond to current challenges. This implementation phase will funded by a partnership of government,",9.95999999999998,False,90.04050000000002,9,body_text
library stakeholders and other interested parties as a means to quickly jumpstart the ODL.,9.95999999999998,False,90.04050000000002,9,body_text
The seed money requested will allow libraries to realign their budgets and services as the infrastructure,9.95999999999998,False,90.04050000000002,9,body_text
"and content of the ODL is created and secured. Some of the funding will be new money, although there",9.95999999999998,False,90.04050000000002,9,body_text
is every indication that existing budgets and methods of operating may be modified as a result of,9.95999999999998,False,90.04050000000004,9,body_text
"recommendations . During this phase the polices, procedures, governance structures and accountability",9.960000000000008,False,90.04050000000004,9,body_text
"mechanisms of the ODL will be put in place. Pilot projects will be initiated, evaluated and expanded.",9.960000000000008,False,90.04050000000004,9,body_text
"Information resources will be identified, contracts for these resources will be negotiated and resources",9.960000000000008,False,90.04050000000004,9,body_text
will be made deployed through the ODL. Regular evaluation during this phase will ensure the ODL is,9.960000000000008,False,90.04050000000004,9,body_text
achieving its objectives and is accountable to its key communities.,9.960000000000008,False,90.04050000000004,9,body_text
Phase III: Operating and Growing the ODL,9.960000000000008,True,90.04050000000004,9,H3
Timeline: January 2007 -,9.960000000000008,True,90.04050000000004,9,body_text
Funding: $50 Million annually ($35 Million requested from government),9.960000000000008,True,90.04050000000004,9,body_text
Result: The ODL is fully operational and sustainable,9.960000000000008,True,90.0405,9,body_text
In the third phase the ODL moves into the operational stage. Ontarians will experience the full benefits,9.960000000000008,False,90.05045999999999,9,body_text
of the initiative and libraries will consolidate support around the ODL to grow resources and extend,9.960000000000008,False,90.05045999999999,9,body_text
RFP: To Develop the Ontario Digital Library Business Plan March 2003 9 99 9,7.86857142857143,True,90.0406,9,body_text
capabilities. The challenge is to secure resources sufficient to both sustain the original investments and,9.959999999999923,False,90.0406,10,body_text
to enhance the ODL.,9.959999999999923,False,90.0406,10,body_text
The ongoing funding of the ODL will be based on a partnership model involving all the key participants,9.959999999999923,False,90.0406,10,body_text
"(i.e. government, libraries, donors, public and private sectors). All participants (i.e. beneficiaries) are",9.959999999999923,False,90.0406,10,body_text
expected to make financial contributions to the ODL. It is important in achieving the full impact of the,9.959999999999923,False,90.05056,10,body_text
"ODL on Ontario’s economy, society and learning support that all library sectors are participants",9.959999999999923,False,90.05056,10,body_text
"(university, colleges, public libraries and schools).",9.959999999999923,False,90.05056,10,body_text
"The proposed funding model requires a continuing government investment, but also recognizes that as",9.959999999999923,False,90.05056,10,body_text
the ODL matures a growing share of ODL funding will come from libraries and non-governmental,9.959999999999923,False,90.0406,10,body_text
sources. During the 3-year implementation phase (2004 – 2006) libraries will realign their budgets to,9.959999999999923,False,90.0406,10,body_text
enable ongoing funding contributions to ODL. During the same period ODL must build the proposed,9.959999999999923,False,90.0406,10,body_text
endowment and secure public and private sector gifts and/or in-kind contributions. The following chart,9.959999999999923,False,90.0406,10,body_text
outlines the model. This model is based on these assumptions:,9.959999999999923,False,90.0406,10,body_text
1. that ODL expenditures will increase by 50% over a 10 year period,9.959999999999923,False,108.03832,10,body_text
2. that government funding will decrease from 70% to 45% during that 10 year period,9.959999999999923,False,108.03832,10,body_text
"3. that library contributions, endowment and gifts/in-kind funding will increase from 30% to 55%",9.95999999999998,False,108.03832,10,body_text
during the same period,9.95999999999998,False,126.046,10,body_text
OVERVIEW OF ODL FUNDING MODEL,9.95999999999998,True,245.80504000000002,10,body_text
Funding Source 2007 2017,12.0,True,114.4006,10,body_text
Government $35M (70%) $33.75M (45%),9.95999999999998,False,114.4006,10,body_text
Libraries $10M (20%) $22.5M (30%),9.95999999999998,False,114.40059999999994,10,body_text
Endowment $4.5M (9%) $15M (20%),9.95999999999998,False,114.41055999999998,10,body_text
Gifts/In-Kind $0.5M (1%) $3.75M (5%),9.95999999999998,False,114.41056000000003,10,body_text
TOTAL ANNUAL $50M $75M,9.95999999999998,True,114.41056000000003,10,body_text
"While the private sector will be invited to participate in the ODL through the endowment, gifts and in-",9.95999999999998,False,90.04840000000002,10,body_text
"kind contributions, the ODL will also explore compatible commercial services which leverage the reach",9.95999999999998,False,90.04840000000002,10,body_text
of the ODL and help to offset operating costs.,9.95999999999998,False,90.04840000000002,10,body_text
A $50M budget leverages the consortium buying power of the province’s libraries to secure the best,9.95999999999998,False,90.04840000000002,10,body_text
"prices for information resources, the widest accessibility and the most favourable contracts. A budget of",9.95999999999998,False,90.04840000000002,10,body_text
this nature will ensure a core digital collection of sufficient scope and coverage to address a substantial,9.95999999999998,False,90.04840000000002,10,body_text
amount of the wide and diverse information and learning needs of the citizens of Ontario (an overview,9.95999999999998,False,90.04840000000002,10,body_text
of the nature of the ODL digital collection is appended). The proposed ODL expenditures in 2006,9.960000000000008,False,90.04840000000002,10,body_text
represent an investment of $5.00 per citizen.,9.960000000000008,True,90.04840000000002,10,body_text
It is important to recognize that every new dollar per citizen invested in the Ontario Digital Library has a,9.960000000000008,False,90.04840000000002,10,body_text
double benefit: it supports a province-wide library of high quality information resources and it,9.960000000000008,False,90.04840000000002,10,body_text
strengthens every local library in Ontario by allowing them to reinvest existing dollars in new resources,9.960000000000008,False,90.04840000000002,10,body_text
that enhance local services. This multiplier means that for every dollar invested in ODL the return,9.960000000000008,False,90.04840000000002,10,body_text
on investment is worth $2 of value for Ontario.,9.960000000000008,True,90.04840000000002,10,body_text
RFP: To Develop the Ontario Digital Library Business Plan March 2003 10 10 10 10,7.944000000000002,True,90.0406,10,body_text
Appendix B: ODL Steering Committee Terms of Reference,12.0,False,96.0406,11,H2
1. Preamble,9.959999999999923,True,90.0406,11,H3
Implementation of the Ontario Digital Library (ODL) requires a detailed business plan to be developed,9.959999999999923,False,95.79748,11,body_text
and supported by its diverse stakeholder communities (see: www.odl.on.ca). The business,9.959999999999923,False,95.79748,11,body_text
"development planning and commitment process will be overseen by a Steering Committee, who are",9.959999999999923,False,95.79748000000001,11,body_text
accountable to potential ODL funders including the Province of Ontario.,9.959999999999923,False,95.79748000000001,11,body_text
2. Terms of Reference,9.959999999999923,True,90.04060000000001,11,H3
"In broad terms, the ODL Business Plan Steering Committee is responsible for development of the",9.959999999999923,False,95.79748000000001,11,body_text
"business plan, securing sector support, and management of the planners and process. Specific",9.959999999999923,False,95.79748000000001,11,body_text
responsibilities include:,9.959999999999923,False,95.79748000000001,11,body_text
"2.1 developing a detailed business plan for the three-year implementation phase of the ODL, including",9.95999999999998,False,95.79748000000001,11,body_text
"governance, management, funding model and structure, organizational structure, marketing,",9.95999999999998,False,131.79292,11,body_text
"staffing, and evaluation;",9.95999999999998,False,131.79292,11,body_text
"2.2 consulting with and reporting to stakeholder communities, to ensure open, consistent and two-way",9.95999999999998,False,95.79748000000001,11,body_text
"communication, and to ensure meaningful opportunities for stakeholder input into decision-",9.95999999999998,False,131.79292,11,body_text
making;,9.95999999999998,False,131.79292,11,body_text
2.3 recruiting and managing the business planner(s);,9.95999999999998,False,95.79748000000001,11,body_text
"2.4 defining terms of reference and resource parameters for business planner(s), and authorizing",9.95999999999998,False,95.79748000000001,11,body_text
expenditures;,9.95999999999998,False,131.79292,11,body_text
2.5 serving as a focus group for business planner(s) to test ideas;,9.95999999999998,False,95.79748000000001,11,body_text
2.6 providing signoff for business planner(s) at key decision points of business plan development;,9.95999999999998,False,95.79748000000001,11,body_text
"2.7 securing commitment from library, government, and institutional stakeholders for implementation",9.95999999999998,False,95.79748000000001,11,body_text
of the business plan;,9.95999999999998,False,131.79292,11,body_text
2.8 presenting the business plan to funders,9.95999999999998,False,95.79748000000001,11,body_text
2.9 undertaking advocacy efforts to promote the ODL to the broader communities including library,9.95999999999998,False,95.79748000000001,11,body_text
and education communities.,9.95999999999998,False,131.79292,11,body_text
3. Membership,9.95999999999998,True,90.03064,11,H3
"Each of the four sectors, Schools, Colleges, Universities, and Public Libraries can appoint up to two",9.95999999999998,False,95.78752,11,body_text
representatives to the steering committee,9.95999999999998,False,95.78752,11,body_text
3.1 Schools:,9.960000000000008,False,95.78752,11,body_text
-Ontario School Library Association (OSLA) and The Association of Library Consultants and,9.960000000000008,False,126.02608000000001,11,body_text
Coordinators of Ontario (TALCO) ( Executive Council of OSLA to name representative in,9.960000000000008,False,126.02608000000001,11,body_text
consultation with TALCO ),9.960000000000008,False,126.02608000000001,11,body_text
3.2 Universities:,9.960000000000008,False,95.78752000000003,11,body_text
-Ontario Council of University Libraries (OCUL) ( OCUL to name ),9.960000000000008,False,126.02608000000004,11,body_text
3.3 Colleges:,9.960000000000008,False,95.78752000000003,11,body_text
"-Bibliocentre, and Heads of Libraries and Learning Resources (UAG and HLLR to name )",9.960000000000008,False,126.02608000000004,11,body_text
3.4 Public libraries:,9.960000000000008,False,95.77756000000005,11,body_text
"-Administrators of Medium-sized Public Libraries of Ontario (AMPLO), Administrators of Rural",9.960000000000008,False,126.01612000000006,11,body_text
"Urban Public Libraries of Ontario (ARUPLO), Administrators of Small Public Libraries of",9.960000000000008,False,126.01612000000006,11,body_text
Ontario (ASPLO) and Chief Executives of Large-sized Public Libraries of Ontario (CELPLO),9.960000000000008,False,126.01612000000006,11,body_text
"( Executives of AMPLO, ARUPLO, ASPLO and CELPLO to name )",9.960000000000008,False,126.01612000000006,11,body_text
RFP: To Develop the Ontario Digital Library Business Plan March 2003 11 11 11 11,7.944000000000002,True,90.0406,11,body_text
3.5 Ontario Library Association representative (ex-officio) ( OLA to appoint one representative ),9.959999999999923,False,95.8195,12,body_text
-Role of the OLA ex-officio member: To act as a liaison between the steering committee and,9.959999999999923,False,126.06801999999993,12,body_text
"the OLA Board, and to assist the chair with the administrative responsibilities connected with",9.959999999999923,False,126.06801999999993,12,body_text
"the preparation of the business plan, finance, and communications.",9.959999999999923,False,126.06801999999993,12,body_text
"3.6 It is anticipated that as planning for the ODL evolves, the Steering Committee may, at its",9.959999999999923,False,95.82945999999993,12,body_text
"discretion, call on invited experts to advise on issues as required.",9.959999999999923,False,95.82945999999993,12,body_text
4. Appointment Criteria and Process,9.959999999999923,True,90.07257999999993,12,H3
4.1 Groups and organizations named in Section 3 above are responsible for appointing up to two,9.959999999999923,False,95.82945999999993,12,body_text
representatives to the Steering Committee.,9.959999999999923,False,131.83485999999994,12,body_text
4.2 Desired characteristics for steering committee appointees include:,9.959999999999923,False,95.83941999999993,12,body_text
• Strategic thinkers;,9.95999999999996,False,108.08025999999992,12,body_text
• Committed to the concept of multi-sector partnerships;,9.959999999999937,False,108.08025999999992,12,body_text
• Knowledgeable about digital libraries and resources;,9.960000000000027,False,108.08025999999992,12,body_text
• Knowledgeable about government structures;,9.95999999999998,False,108.08025999999992,12,body_text
• Respected by their communities; influential;,9.95999999999998,False,108.08025999999992,12,body_text
• Able to take a consultative approach;,9.95999999999998,False,108.08025999999992,12,body_text
• Able to devote time to Steering Committee business: approximately one day per month for,10.09599999999998,False,108.0406,12,body_text
meetings plus 2-3 working days per month on related activities .,10.145454545454527,False,126.0406,12,body_text
5. Term,9.95999999999998,True,90.0405,12,H3
Expected term on the Steering Committee is the time required to complete development of the,9.95999999999998,False,95.79737999999999,12,body_text
business plan plus two months. This process is expected to take approximately 6 months.,9.95999999999998,False,95.79737999999999,12,body_text
6. Chair,9.95999999999998,True,90.0405,12,H3
Chair will be appointed by the Board of the Ontario Library Association.,9.95999999999998,False,95.79737999999999,12,body_text
Role of the Chair:,9.95999999999998,False,95.79737999999999,12,body_text
In addition to the characteristics for appointees (4.2) the role of the chair will be as a process agent,9.95999999999998,False,95.79737999999999,12,body_text
"working with the selected consultant(s), OLA, and the Steering Committee to prepare the business",9.95999999999998,False,95.79737999999999,12,body_text
plan. The chair must be able to devote 5-8 days per month on activities related to the preparation of,9.95999999999998,False,95.79737999999999,12,body_text
"the business plan, and communications to stakeholders, funders, and government.",9.95999999999998,False,95.79737999999999,12,body_text
7. Meetings,9.960000000000008,True,90.0405,12,H3
It is expected that in person meetings are held once per month and the majority of business will be,9.960000000000008,False,95.79737999999999,12,body_text
"conducted by e-mail, and teleconference.",9.960000000000008,False,95.79737999999999,12,body_text
8. Lines of Accountability and Communication,9.960000000000008,True,90.0405,12,H3
"8.1 The Steering Committee is accountable to the Province of Ontario, and to its business plan",9.960000000000008,False,95.79737999999999,12,body_text
funders.,9.960000000000008,False,131.79282,12,body_text
8.2 The role of the Ontario Library Association is to assume responsibility for funds contributed by the,9.95999999999999,False,95.79738,12,body_text
"ODL funders to finance the business plan, to hold the funds in a separate account, and",9.960000000000008,False,131.79282,12,body_text
disperse them for purposes as directed by the Steering Committee. OLA will provide,9.960000000000008,False,131.79282,12,body_text
financial reports to the Steering Committee as requested and shall comply with all,9.960000000000008,False,131.79282,12,body_text
government reporting regulations for funds received.,9.960000000000008,False,131.79282,12,body_text
RFP: To Develop the Ontario Digital Library Business Plan March 2003 12 12 12 12,7.944000000000002,True,90.0406,12,body_text
8.3 The Steering Committee is accountable to its constituent groups and other stakeholders for,9.959999999999923,False,95.8006,13,body_text
ongoing communications and consultation on issues and progress. The Steering committee,9.959999999999923,False,131.806,13,body_text
is responsible for strong liaison with government particularly the Chief Information Officer,9.959999999999923,False,131.806,13,body_text
"Community Services Cluster, ADM’s and Deputy Ministers.",9.959999999999923,False,131.806,13,body_text
9. Financial and Administrative Policies,9.959999999999923,True,90.04372000000001,13,H3
9.1 Service on the Steering Committee is non-remunerative,9.959999999999923,False,95.81056000000001,13,body_text
9.2 Travel and meeting expenses for Steering Committee members are reimbursed according to the,9.959999999999923,False,95.81056000000001,13,body_text
policies of the Ontario Library Association,9.959999999999923,False,131.81596000000002,13,body_text
9.3 Conflict of Interest:,9.959999999999923,False,95.81056000000001,13,body_text
The ODL Steering Committee will function according to standard conflict of interest guidelines,9.959999999999923,False,126.04912000000002,13,body_text
"ensuring that members, their immediate family members, or their places of employment, will",9.959999999999923,False,126.04912000000002,13,body_text
not benefit financially from the decisions the Steering Committee might make. As a first,9.959999999999923,False,126.0491,13,body_text
"order of business, the Steering Committee will be expected to adopt a conflict of interest policy",9.959999999999923,False,126.0491,13,body_text
statement and procedural guidelines that will govern its work.,9.959999999999923,False,126.0491,13,body_text
RFP: To Develop the Ontario Digital Library Business Plan March 2003 13 13 13 13,7.944000000000002,True,90.0406,13,body_text
Appendix C: ODL’s Envisioned Electronic Resources,12.0,False,96.0406,14,H2
The purpose of the ODL is to provide equal access to information for all Ontario citizens through,9.959999999999923,False,96.0404,14,body_text
collaboration and resource sharing. ODL will be a portal -capable of customization as,9.959999999999923,False,96.0404,14,body_text
"a home page for local libraries -to organized, comprehensive, authoritative and validated",9.959999999999923,False,96.0404,14,body_text
e-information resources to meet the needs of all Ontario citizens at all stages and in all aspects,9.959999999999923,False,96.0404,14,body_text
"of their education, life and work. Some examples:",9.959999999999923,False,96.0404,14,body_text
1. Reference Resources,9.959999999999923,False,96.0404,14,body_text
"-directories: companies, associations, organizations, governments, educational institutions,",9.959999999999923,False,96.0404,14,body_text
etc. etc.,9.959999999999923,False,96.0404,14,body_text
"-almanacs, country information",9.959999999999923,False,96.0404,14,body_text
"-dictionaries, thesauri, encyclopedias",9.959999999999923,False,96.0404,14,body_text
-consumer information,9.95999999999998,False,96.0404,14,body_text
"-phone books,",9.95999999999998,False,96.0404,14,body_text
"-travel guides, entertainment guides",9.95999999999998,False,96.0404,14,body_text
-weather information,9.95999999999998,False,96.0404,14,body_text
-media/newspapers,9.95999999999998,False,96.0404,14,body_text
"-leisure time, recreational activity guides",9.95999999999998,False,96.0404,14,body_text
-indexing and abstracting services,9.95999999999998,False,96.0404,14,body_text
"-currency converters,",9.95999999999998,False,96.0404,14,body_text
-virtual reference services,9.95999999999998,False,96.0404,14,body_text
-vocational/career information,9.95999999999998,False,96.0404,14,body_text
-internet search engines,9.95999999999998,False,96.0404,14,body_text
-current awareness services,9.95999999999998,False,96.0404,14,body_text
2. Subject Guides,9.95999999999998,False,96.03854000000001,14,body_text
-arts and humanities,9.95999999999998,False,96.03854000000001,14,body_text
-business and economics,9.95999999999998,False,96.03854000000001,14,body_text
-education,9.95999999999998,False,96.0404,14,body_text
-recreation and sports,9.95999999999998,False,96.0404,14,body_text
"-entertainment -games, activities for kids",9.95999999999998,False,96.0404,14,body_text
-health information,9.95999999999998,False,96.04039999999999,14,body_text
-science and technology,9.95999999999998,False,96.04039999999999,14,body_text
-social sciences,9.960000000000008,False,96.04039999999999,14,body_text
-society and culture,9.960000000000008,False,96.04039999999999,14,body_text
3. Educational tool-kits,9.960000000000008,False,96.04039999999999,14,body_text
"-guides to information gathering methodologies, information literacy",9.960000000000008,False,96.04039999999999,14,body_text
-study guides,9.960000000000008,False,96.0404,14,body_text
-study skill development,9.960000000000008,False,96.0404,14,body_text
-web-based curricula,9.960000000000008,False,96.0404,14,body_text
-internet search guides,9.960000000000008,False,96.04241999999998,14,body_text
"4. Journals, books, maps, music etc.",9.960000000000008,False,96.04241999999998,14,body_text
RFP: To Develop the Ontario Digital Library Business Plan March 2003 14 14 14 14,7.944000000000002,True,90.0406,14,body_text
Parsippany -Troy Hills STEM Pathways,28.007216599999992,True,125.8207,1,title
Mission Statement: To provide PTHSD high school students with the opportunity to,12.338308350000053,False,80.3275,1,body_text
"concentrate their studies, beyond those required in high school, in the areas of science,",12.004800000000046,False,80.3275047,1,body_text
"technology, engineering, and mathematics, and expose students to relevant real world",12.004800000000046,False,80.3275047,1,body_text
"experiences through project work, conferences and presentations to enhance their high school",12.004800000000046,False,80.3275047,1,body_text
experience.,12.004800000000046,False,80.3275047,1,body_text
PATHWAY OPTIONS,15.308160000000044,False,240.1787,1,H1
REGULAR PATHWAY,15.310199999999952,True,117.1803,1,body_text
● 4 credits of Math,11.00758350000001,False,74.7816,1,body_text
● 4 credits of Science,11.00758350000001,False,74.781574,1,body_text
● 4 credits of STEM-designated electives,11.007583499999981,False,74.781574,1,body_text
● Maintain an overall 2.85 GPA,11.007583499999981,False,74.781574,1,body_text
● Participate in a minimum of 3 STEM,11.007583499999981,False,74.781574,1,body_text
presentations/conferences each year,11.007583499999981,False,99.43775049999999,1,body_text
with a required minimum total of 12,11.007583499999981,False,99.43775049999999,1,body_text
presentations/conferences throughout,11.007583499999981,False,99.43775049999999,1,body_text
the 4 years . *,11.007583499999981,False,99.43775049999999,1,body_text
● Join and actively participate in a,11.007583499999981,False,74.78232450000002,1,body_text
STEM-related extracurricular activity or,11.007583499999981,False,99.438501,1,body_text
club every year of attendance. -,11.007583499999981,False,99.438501,1,body_text
DISTINCTION PATHWAY,15.310199999999952,True,351.7227,1,body_text
● 4 credits of Math - At least one math,11.00758350000001,False,320.7744,1,body_text
course should be an AP Math class.,11.00758350000001,False,345.4305505,1,body_text
● 4 credits of Science- At least one,11.00758350000001,False,320.7751245,1,body_text
science course should be an AP,11.00758350000001,False,345.43130099999996,1,body_text
Science class.,11.007583499999981,False,345.43135050000006,1,body_text
● 4 credits of STEM-designated electives,11.007583499999981,False,320.7759245000001,1,body_text
- One must be a Computer,11.007583499999981,False,345.43210100000005,1,body_text
Science/Technology Class,11.007583499999981,False,345.43210100000005,1,body_text
● Maintain an overall 3.5 GPA,11.007583499999981,False,320.7766245,1,body_text
● Participate in a minimum of 3 STEM,11.007583499999981,False,320.7766245,1,body_text
presentations/conferences a year with a,11.007583499999981,False,345.432801,1,body_text
required minimum total of 12,11.007583499999981,False,345.432801,1,body_text
presentations/conferences throughout,11.007583499999981,False,345.432801,1,body_text
the 4 years.,11.00758350000001,False,345.432801,1,body_text
● Join and actively participate in a,11.007583499999996,False,320.777375,1,body_text
STEM-related extracurricular activity or,11.00758350000001,False,345.43355149999996,1,body_text
club every year of attendance.,11.007583499999996,False,345.43355149999996,1,body_text
● Either participate in an internship or,11.00758350000001,False,320.7781255,1,body_text
design and implement a community,11.007583499999996,False,345.43430199999995,1,body_text
impact project.,11.007583500000003,False,345.43430199999995,1,body_text
Goals:,14.011450200000013,False,45.4123,1,body_text
"• Inspire keen interest in mathematics, science, engineering, and",11.508949800000096,False,41.3845,1,body_text
"technology, develop strong scholarship in the subject and",11.508949800000096,False,45.4121204,1,body_text
promote the enjoyment of these studies in high school.,11.508949800000096,False,45.4121204,1,body_text
• Expose students to potential career opportunities in the field.,11.508949800000096,False,41.3845,1,body_text
• Encourage students to pursue higher education and major in,11.508949800000096,False,41.3844008,1,body_text
STEM careers.,11.508949800000039,False,45.4121204,1,body_text
• Promote interactions with STEM professionals to learn about,11.508949799999982,False,39.68204,1,body_text
future opportunities.,11.508949799999982,False,45.4121204,1,body_text
• Support field experiences connected to the world outside of,11.508949799999982,False,39.6821894,1,body_text
the school building.,11.508949799999982,False,45.4122698,1,body_text
"• Signal to employers, universities, training programs, and",11.508949799999982,False,39.6821894,1,body_text
military that a student has completed a comprehensive course,11.508949799999982,False,45.4122698,1,body_text
of study in a specialized area.,11.508949799999982,False,45.412269800000004,1,body_text
"• Cultivate transferable work habits such as perseverance, goal",11.508949799999982,False,39.682189400000006,1,body_text
"setting, and self-direction.",11.508949799999982,False,45.412269800000004,1,body_text
ADDRESS:,12.403099999999995,False,32.6488,1,body_text
TOPJUMP,12.403099999999995,False,131.4354,1,body_text
3735 PARKWAY,12.403099999999995,False,114.8059,1,body_text
"PIGEON FORGE, TN 37863",12.403099999999995,False,81.078988,1,body_text
(NEAR DIXIE STAMPEDE ON THE PARKWAY),9.402299999999997,False,58.3879,1,body_text
RSVP: ----------------,15.803949999999986,True,29.489,1,body_text
CLOSED TOED SHOES ARE REQUIRED FOR CLIMBING,7.2017999999999915,False,62.2978,1,body_text
"PARENTS OR GUARDIANS NOT ATTENDING THE PARTY,",7.201800000000006,False,59.605739700000015,1,body_text
PLEASE VISIT TOPJUMP.COM TO FILL OUT WAIVER,7.201800000000006,False,65.1152122,1,body_text
SO YOUR CHILD CAN ATTEND.,7.201800000000006,False,106.7062,1,body_text
HOPE To SEE You THERE!,26.4065,True,33.4188,1,H1
WWW.TOPJUMP.COM,23.4058,False,93.7867,1,body_text
